tier,channel,region,current_qty,current_pocket_revenue,price_change_pct,applied_elasticity,projected_qty,projected_pocket_revenue,margin_impact_$,margin_impact_%
"Tier 4 (Long Tail, <40 units/yr)",Direct,North,5257,32624790.82,0.05,-0.81,5044.0,32868661.13,243870.31,0.0075
"Tier 3 (Core, 40-149 units/yr)",Direct,North,4207,30450749.61,0.05,-0.81,4037.0,30678368.96,227619.35,0.0075
"Tier 3 (Core, 40-149 units/yr)",Distributor,East,3427,22485917.64,0.05,-0.81,3288.0,22653999.87,168082.23,0.0075
"Tier 3 (Core, 40-149 units/yr)",Direct,East,3455,21641482.89,0.05,-0.81,3315.0,21803252.97,161770.08,0.0075
"Tier 3 (Core, 40-149 units/yr)",Distributor,North,3579,20362521.5,0.05,-0.81,3434.0,20514731.35,152209.85,0.0075
"Tier 4 (Long Tail, <40 units/yr)",Direct,East,2427,19547700.09,0.05,-0.81,2329.0,19693819.15,146119.06,0.0075
"Tier 4 (Long Tail, <40 units/yr)",E-Commerce,North,2116,17194340.28,0.05,-0.81,2030.0,17322867.97,128527.69,0.0075
"Tier 4 (Long Tail, <40 units/yr)",Direct,West,2215,13285828.59,0.05,-0.81,2125.0,13385140.16,99311.57,0.0075
"Tier 3 (Core, 40-149 units/yr)",Direct,South,2156,13007872.9,0.05,-0.81,2069.0,13105106.75,97233.85,0.0075
"Tier 4 (Long Tail, <40 units/yr)",OEM,North,2454,12915893.09,0.05,-0.81,2355.0,13012439.39,96546.3,0.0075
"Tier 4 (Long Tail, <40 units/yr)",Direct,Central,1695,12360248.61,0.05,-0.81,1626.0,12452641.47,92392.86,0.0075
"Tier 2 (Key, 150-499 units/yr)",Direct,North,1759,11420792.18,0.05,-0.81,1688.0,11506162.6,85370.42,0.0075
"Tier 4 (Long Tail, <40 units/yr)",E-Commerce,South,1336,10901239.02,0.05,-0.81,1282.0,10982725.78,81486.76,0.0075
"Tier 4 (Long Tail, <40 units/yr)",Distributor,Central,1515,10754802.62,0.05,-0.81,1454.0,10835194.77,80392.15,0.0075
"Tier 4 (Long Tail, <40 units/yr)",Distributor,West,1538,9796798.46,0.05,-0.81,1476.0,9870029.53,73231.07,0.0075
"Tier 3 (Core, 40-149 units/yr)",OEM,Central,1762,9735389.46,0.05,-0.81,1691.0,9808161.5,72772.04,0.0075
"Tier 4 (Long Tail, <40 units/yr)",Direct,South,1443,9578341.36,0.05,-0.81,1385.0,9649939.46,71598.1,0.0075
"Tier 4 (Long Tail, <40 units/yr)",Distributor,South,1504,9400867.45,0.05,-0.81,1443.0,9471138.93,70271.48,0.0075
"Tier 2 (Key, 150-499 units/yr)",Distributor,South,1487,9200890.57,0.05,-0.81,1427.0,9269667.23,68776.66,0.0075
"Tier 3 (Core, 40-149 units/yr)",OEM,South,1436,8868228.69,0.05,-0.81,1378.0,8934518.7,66290.01,0.0075
"Tier 3 (Core, 40-149 units/yr)",E-Commerce,East,1235,8586807.55,0.05,-0.81,1185.0,8650993.94,64186.39,0.0075
"Tier 2 (Key, 150-499 units/yr)",Distributor,North,1421,8482062.91,0.05,-0.81,1363.0,8545466.33,63403.42,0.0075
"Tier 3 (Core, 40-149 units/yr)",Direct,Central,1370,8463601.09,0.05,-0.81,1315.0,8526866.51,63265.42,0.0075
"Tier 4 (Long Tail, <40 units/yr)",OEM,East,1290,8345445.64,0.05,-0.81,1238.0,8407827.85,62382.21,0.0075
"Tier 3 (Core, 40-149 units/yr)",E-Commerce,West,1520,8083880.8,0.05,-0.81,1458.0,8144307.81,60427.01,0.0075
"Tier 3 (Core, 40-149 units/yr)",Direct,West,1375,8038009.96,0.05,-0.81,1319.0,8098094.08,60084.12,0.0075
"Tier 3 (Core, 40-149 units/yr)",E-Commerce,Central,998,7909779.79,0.05,-0.81,958.0,7968905.39,59125.6,0.0075
"Tier 4 (Long Tail, <40 units/yr)",E-Commerce,East,1104,7609572.99,0.05,-0.81,1059.0,7666454.55,56881.56,0.0075
"Tier 2 (Key, 150-499 units/yr)",Distributor,Central,1296,7490825.25,0.05,-0.81,1244.0,7546819.17,55993.92,0.0075
"Tier 3 (Core, 40-149 units/yr)",OEM,East,1548,7474932.54,0.05,-0.81,1485.0,7530807.66,55875.12,0.0075
"Tier 4 (Long Tail, <40 units/yr)",Distributor,North,1155,7141697.05,0.05,-0.81,1108.0,7195081.24,53384.19,0.0075
"Tier 3 (Core, 40-149 units/yr)",OEM,West,1466,7121480.23,0.05,-0.81,1407.0,7174713.29,53233.06,0.0075
"Tier 2 (Key, 150-499 units/yr)",OEM,South,1384,7104859.41,0.05,-0.81,1328.0,7157968.23,53108.82,0.0075
"Tier 4 (Long Tail, <40 units/yr)",Distributor,East,1270,6908478.0,0.05,-0.81,1219.0,6960118.87,51640.87,0.0075
"Tier 3 (Core, 40-149 units/yr)",Distributor,South,1357,6887415.43,0.05,-0.81,1302.0,6938898.86,51483.43,0.0075
"Tier 4 (Long Tail, <40 units/yr)",OEM,West,1194,6713256.77,0.05,-0.81,1146.0,6763438.36,50181.59,0.0075
"Tier 4 (Long Tail, <40 units/yr)",OEM,Central,1144,6553260.15,0.05,-0.81,1098.0,6602245.77,48985.62,0.0075
"Tier 2 (Key, 150-499 units/yr)",Direct,West,1169,6299761.88,0.05,-0.81,1122.0,6346852.6,47090.72,0.0075
"Tier 2 (Key, 150-499 units/yr)",E-Commerce,Central,1284,5951436.38,0.05,-0.81,1232.0,5995923.37,44486.99,0.0075
"Tier 3 (Core, 40-149 units/yr)",Distributor,Central,1230,5826393.85,0.05,-0.81,1180.0,5869946.14,43552.29,0.0075
"Tier 4 (Long Tail, <40 units/yr)",OEM,South,744,5645415.71,0.05,-0.81,714.0,5687615.19,42199.48,0.0075
"Tier 1 (Strategic, 500+ units/yr)",OEM,North,986,5477500.47,0.05,-0.81,946.0,5518444.79,40944.32,0.0075
"Tier 2 (Key, 150-499 units/yr)",Direct,South,938,5256328.06,0.05,-0.81,900.0,5295619.11,39291.05,0.0075
"Tier 2 (Key, 150-499 units/yr)",Distributor,West,810,4794464.62,0.05,-0.81,777.0,4830303.24,35838.62,0.0075
"Tier 3 (Core, 40-149 units/yr)",Distributor,West,939,4535692.19,0.05,-0.81,901.0,4569596.49,33904.3,0.0075
"Tier 3 (Core, 40-149 units/yr)",E-Commerce,North,867,4106564.9,0.05,-0.81,832.0,4137261.47,30696.57,0.0075
"Tier 1 (Strategic, 500+ units/yr)",Direct,West,536,3591056.51,0.05,-0.81,514.0,3617899.66,26843.15,0.0075
"Tier 3 (Core, 40-149 units/yr)",OEM,North,507,3222643.08,0.05,-0.81,486.0,3246732.34,24089.26,0.0075
"Tier 1 (Strategic, 500+ units/yr)",Direct,South,479,3077563.24,0.05,-0.81,460.0,3100568.03,23004.79,0.0075
"Tier 1 (Strategic, 500+ units/yr)",Direct,North,587,2945452.53,0.05,-0.81,563.0,2967469.79,22017.26,0.0075
"Tier 2 (Key, 150-499 units/yr)",OEM,West,379,2887172.05,0.05,-0.81,364.0,2908753.66,21581.61,0.0075
"Tier 2 (Key, 150-499 units/yr)",E-Commerce,East,450,2881522.76,0.05,-0.81,432.0,2903062.14,21539.38,0.0075
"Tier 2 (Key, 150-499 units/yr)",Direct,Central,486,2723945.65,0.05,-0.81,466.0,2744307.14,20361.49,0.0075
"Tier 1 (Strategic, 500+ units/yr)",Distributor,North,637,2398383.82,0.05,-0.81,611.0,2416311.74,17927.92,0.0075
"Tier 4 (Long Tail, <40 units/yr)",E-Commerce,West,386,2179446.19,0.05,-0.81,370.0,2195737.55,16291.36,0.0075
"Tier 2 (Key, 150-499 units/yr)",Distributor,East,293,2055180.04,0.05,-0.81,281.0,2070542.51,15362.47,0.0075
"Tier 2 (Key, 150-499 units/yr)",E-Commerce,West,229,2045829.56,0.05,-0.81,220.0,2061122.14,15292.58,0.0075
"Tier 4 (Long Tail, <40 units/yr)",E-Commerce,Central,362,1900617.89,0.05,-0.81,347.0,1914825.01,14207.12,0.0075
"Tier 1 (Strategic, 500+ units/yr)",E-Commerce,West,317,1863401.92,0.05,-0.81,304.0,1877330.85,13928.93,0.0075
"Tier 2 (Key, 150-499 units/yr)",Direct,East,314,1852347.16,0.05,-0.81,301.0,1866193.46,13846.3,0.0075
"Tier 1 (Strategic, 500+ units/yr)",E-Commerce,North,392,1756243.95,0.05,-0.81,376.0,1769371.87,13127.92,0.0075
"Tier 1 (Strategic, 500+ units/yr)",OEM,Central,381,1644779.52,0.05,-0.81,366.0,1657074.25,12294.73,0.0075
"Tier 3 (Core, 40-149 units/yr)",E-Commerce,South,292,1432834.51,0.05,-0.81,280.0,1443544.95,10710.44,0.0075
"Tier 2 (Key, 150-499 units/yr)",OEM,Central,203,1415186.39,0.05,-0.81,195.0,1425764.91,10578.52,0.0075
"Tier 2 (Key, 150-499 units/yr)",E-Commerce,North,264,1251805.26,0.05,-0.81,253.0,1261162.5,9357.24,0.0075
"Tier 1 (Strategic, 500+ units/yr)",Distributor,Central,312,1244939.68,0.05,-0.81,299.0,1254245.6,9305.92,0.0075
"Tier 1 (Strategic, 500+ units/yr)",E-Commerce,Central,178,1240635.51,0.05,-0.81,171.0,1249909.26,9273.75,0.0075
"Tier 1 (Strategic, 500+ units/yr)",E-Commerce,East,264,1002607.08,0.05,-0.81,253.0,1010101.57,7494.49,0.0075
"Tier 2 (Key, 150-499 units/yr)",E-Commerce,South,247,965433.06,0.05,-0.81,237.0,972649.67,7216.61,0.0075
