tier,channel,region,line_count,total_qty,list_revenue,invoice_revenue,pocket_revenue,total_leakage,pocket_margin_pct_of_list,leakage_pct_of_list,avg_pocket_price_realization
"Tier 3 (Core, 40-149 units/yr)",Distributor,East,329,3427,27105768.2,23557040.51,22485917.64,4619850.5600000005,0.8296,0.1704,0.9545
"Tier 3 (Core, 40-149 units/yr)",Distributor,North,408,3579,24640010.1,21469599.75,20362521.5,4277488.6,0.8264,0.1736,0.9484
"Tier 3 (Core, 40-149 units/yr)",Direct,North,441,4207,33883001.25,31466083.06,30450749.61,3432251.6399999997,0.8987,0.1013,0.9677
"Tier 2 (Key, 150-499 units/yr)",Distributor,South,165,1487,12045143.95,9839675.38,9200890.57,2844253.3800000004,0.7639,0.2361,0.9351
"Tier 2 (Key, 150-499 units/yr)",Distributor,North,147,1421,11024022.45,9038735.23,8482062.91,2541959.54,0.7694,0.2306,0.9384
"Tier 4 (Long Tail, <40 units/yr)",OEM,North,269,2454,15453779.6,13599895.37,12915893.09,2537886.5100000002,0.8358,0.1642,0.9497
"Tier 1 (Strategic, 500+ units/yr)",OEM,North,111,986,7979830.05,5861985.23,5477500.47,2502329.58,0.6864,0.3136,0.9344
"Tier 3 (Core, 40-149 units/yr)",OEM,Central,198,1762,12228614.5,10229727.64,9735389.46,2493225.04,0.7961,0.2039,0.9517
"Tier 2 (Key, 150-499 units/yr)",OEM,South,147,1384,9579908.25,7534351.7,7104859.41,2475048.84,0.7416,0.2584,0.943
"Tier 3 (Core, 40-149 units/yr)",Direct,East,353,3455,23945393.6,22351960.31,21641482.89,2303910.7100000004,0.9038,0.0962,0.9682
"Tier 3 (Core, 40-149 units/yr)",OEM,South,165,1436,11165246.35,9371310.9,8868228.69,2297017.66,0.7943,0.2057,0.9463
"Tier 4 (Long Tail, <40 units/yr)",Direct,North,490,5257,34873706.25,33759424.69,32624790.82,2248915.43,0.9355,0.0645,0.9664
"Tier 2 (Key, 150-499 units/yr)",Direct,North,194,1759,13630957.05,11954701.76,11420792.18,2210164.87,0.8379,0.1621,0.9553
"Tier 2 (Key, 150-499 units/yr)",Distributor,Central,154,1296,9688428.4,7957028.45,7490825.25,2197603.15,0.7732,0.2268,0.9414
"Tier 3 (Core, 40-149 units/yr)",OEM,East,149,1548,9231692.7,7815985.04,7474932.54,1756760.1600000001,0.8097,0.1903,0.9564
"Tier 3 (Core, 40-149 units/yr)",OEM,West,168,1466,8848431.75,7462525.79,7121480.23,1726951.52,0.8048,0.1952,0.9543
"Tier 4 (Long Tail, <40 units/yr)",OEM,East,133,1290,9992185.15,8786954.82,8345445.64,1646739.51,0.8352,0.1648,0.9498
"Tier 4 (Long Tail, <40 units/yr)",Distributor,Central,169,1515,12385854.8,11272224.77,10754802.620000001,1631052.18,0.8683,0.1317,0.9541
"Tier 4 (Long Tail, <40 units/yr)",Distributor,West,135,1538,11297460.35,10315287.540000001,9796798.46,1500661.8900000001,0.8672,0.1328,0.9497
"Tier 3 (Core, 40-149 units/yr)",Direct,South,213,2156,14465491.35,13473903.58,13007872.9,1457618.45,0.8992,0.1008,0.9654
"Tier 4 (Long Tail, <40 units/yr)",Distributor,South,139,1504,10834939.8,9853132.4,9400867.45,1434072.35,0.8676,0.1324,0.9541
"Tier 3 (Core, 40-149 units/yr)",Distributor,South,159,1357,8316687.8,7212698.33,6887415.43,1429272.37,0.8281,0.1719,0.9549
"Tier 2 (Key, 150-499 units/yr)",Distributor,West,71,810,6184340.75,5104552.350000001,4794464.62,1389876.1300000001,0.7753,0.2247,0.9393
"Tier 4 (Long Tail, <40 units/yr)",Direct,East,268,2427,20891780.1,20282356.91,19547700.09,1344080.01,0.9357,0.0643,0.9638
"Tier 4 (Long Tail, <40 units/yr)",OEM,West,134,1194,8042868.45,7067059.06,6713256.77,1329611.68,0.8347,0.1653,0.9499
"Tier 4 (Long Tail, <40 units/yr)",OEM,Central,118,1144,7865934.05,6891747.3,6553260.15,1312673.9,0.8331,0.1669,0.9509
"Tier 2 (Key, 150-499 units/yr)",Direct,West,92,1169,7485914.75,6601103.02,6299761.88,1186152.87,0.8415,0.1585,0.9543
"Tier 3 (Core, 40-149 units/yr)",Distributor,Central,96,1230,7008674.0,6122916.29,5826393.85,1182280.15,0.8313,0.1687,0.9516
"Tier 1 (Strategic, 500+ units/yr)",Direct,West,52,536,4677181.3,3808555.31,3591056.5100000002,1086124.79,0.7678,0.2322,0.9429
"Tier 4 (Long Tail, <40 units/yr)",OEM,South,98,744,6702035.9,5905285.9799999995,5645415.71,1056620.19,0.8423,0.1577,0.956
"Tier 4 (Long Tail, <40 units/yr)",Distributor,East,142,1270,7954578.6,7238873.1899999995,6908478.0,1046100.6,0.8685,0.1315,0.9544
"Tier 2 (Key, 150-499 units/yr)",OEM,West,28,379,3927442.75,3080161.16,2887172.05,1040270.7000000001,0.7351,0.2649,0.9373
"Tier 4 (Long Tail, <40 units/yr)",Distributor,North,138,1155,8181307.9,7470336.57,7141697.05,1039610.8499999999,0.8729,0.1271,0.956
"Tier 1 (Strategic, 500+ units/yr)",Distributor,North,63,637,3419170.2,2584987.53,2398383.82,1020786.38,0.7015,0.2985,0.9278
"Tier 2 (Key, 150-499 units/yr)",E-Commerce,Central,102,1284,6957240.95,6243487.430000001,5951436.38,1005804.57,0.8554,0.1446,0.9532
"Tier 3 (Core, 40-149 units/yr)",Direct,Central,122,1370,9443902.25,8788409.16,8463601.09,980301.1599999998,0.8962,0.1038,0.963
"Tier 2 (Key, 150-499 units/yr)",Direct,South,85,938,6232450.4,5515651.34,5256328.06,976122.34,0.8434,0.1566,0.953
"Tier 3 (Core, 40-149 units/yr)",Direct,West,152,1375,8967430.55,8308024.38,8038009.96,929420.5900000001,0.8964,0.1036,0.9675
"Tier 3 (Core, 40-149 units/yr)",Distributor,West,106,939,5443830.35,4772530.38,4535692.19,908138.1599999999,0.8332,0.1668,0.9504
"Tier 4 (Long Tail, <40 units/yr)",Direct,Central,148,1695,13260206.2,12821916.49,12360248.61,899957.59,0.9321,0.0679,0.964
"Tier 1 (Strategic, 500+ units/yr)",Direct,South,65,479,3966557.65,3245154.7800000003,3077563.24,888994.4099999999,0.7759,0.2241,0.9484
"Tier 1 (Strategic, 500+ units/yr)",Direct,North,40,587,3821792.0,3109143.17,2945452.53,876339.4700000001,0.7707,0.2293,0.9474
"Tier 3 (Core, 40-149 units/yr)",OEM,North,65,507,4019173.75,3368096.64,3222643.08,796530.67,0.8018,0.1982,0.9568
"Tier 4 (Long Tail, <40 units/yr)",E-Commerce,North,243,2116,17987982.15,17808190.259999998,17194340.28,793641.8699999996,0.9559,0.0441,0.9655
"Tier 3 (Core, 40-149 units/yr)",E-Commerce,East,146,1235,9374662.55,8919426.41,8586807.55,787854.9999999999,0.916,0.084,0.9627
"Tier 4 (Long Tail, <40 units/yr)",Direct,West,235,2215,14057476.2,13674205.68,13285828.59,771647.6100000001,0.9451,0.0549,0.9716
"Tier 1 (Strategic, 500+ units/yr)",OEM,Central,36,381,2415827.35,1753995.81,1644779.52,771047.83,0.6808,0.3192,0.9377
"Tier 3 (Core, 40-149 units/yr)",E-Commerce,West,165,1520,8827547.9,8359333.66,8083880.8,743667.0999999999,0.9158,0.0842,0.967
"Tier 3 (Core, 40-149 units/yr)",E-Commerce,Central,108,998,8577197.85,8162591.28,7909779.79,667418.06,0.9222,0.0778,0.969
"Tier 4 (Long Tail, <40 units/yr)",Direct,South,151,1443,10177624.1,9885702.78,9578341.36,599282.74,0.9411,0.0589,0.9689
"Tier 2 (Key, 150-499 units/yr)",Distributor,East,35,293,2648795.4,2179679.55,2055180.04,593615.3600000001,0.7759,0.2241,0.9429
"Tier 4 (Long Tail, <40 units/yr)",E-Commerce,South,149,1336,11457817.2,11314522.97,10901239.02,556578.1799999999,0.9514,0.0486,0.9635
"Tier 1 (Strategic, 500+ units/yr)",Distributor,Central,35,312,1751868.25,1328267.56,1244939.68,506928.57,0.7106,0.2894,0.9373
"Tier 2 (Key, 150-499 units/yr)",OEM,Central,34,203,1908285.9,1505890.2999999998,1415186.39,493099.51000000007,0.7416,0.2584,0.9398
"Tier 2 (Key, 150-499 units/yr)",Direct,Central,29,486,3215410.25,2841588.52,2723945.6500000004,491464.6,0.8472,0.1528,0.9586
"Tier 1 (Strategic, 500+ units/yr)",E-Commerce,West,32,317,2343623.85,1962272.01,1863401.9200000002,480221.93,0.7951,0.2049,0.9496
"Tier 1 (Strategic, 500+ units/yr)",E-Commerce,North,37,392,2229976.4,1866516.3,1756243.95,473732.45,0.7876,0.2124,0.9409
"Tier 2 (Key, 150-499 units/yr)",E-Commerce,East,45,450,3341361.5,3014847.51,2881522.7600000002,459838.73999999993,0.8624,0.1376,0.9558
"Tier 3 (Core, 40-149 units/yr)",E-Commerce,North,89,867,4503061.5,4245289.07,4106564.9,396496.5999999999,0.9119,0.0881,0.9673
"Tier 2 (Key, 150-499 units/yr)",E-Commerce,West,32,229,2412040.05,2178399.92,2045829.56,366210.4900000001,0.8482,0.1518,0.9391
"Tier 4 (Long Tail, <40 units/yr)",E-Commerce,East,108,1104,7940345.5,7848527.82,7609572.99,330772.51,0.9583,0.0417,0.9696
"Tier 2 (Key, 150-499 units/yr)",Direct,East,31,314,2181601.75,1917362.85,1852347.1600000001,329254.5900000001,0.8491,0.1509,0.9661
"Tier 1 (Strategic, 500+ units/yr)",E-Commerce,Central,31,178,1549926.25,1315651.8499999999,1240635.51,309290.74,0.8004,0.1996,0.943
"Tier 1 (Strategic, 500+ units/yr)",E-Commerce,East,30,264,1249502.7,1050195.35,1002607.08,246895.62,0.8024,0.1976,0.9547
"Tier 2 (Key, 150-499 units/yr)",E-Commerce,North,36,264,1466237.0,1318581.38,1251805.26,214431.73999999996,0.8538,0.1462,0.9494
"Tier 2 (Key, 150-499 units/yr)",E-Commerce,South,31,247,1120667.65,1007542.41,965433.06,155234.59,0.8615,0.1385,0.9582
"Tier 3 (Core, 40-149 units/yr)",E-Commerce,South,34,292,1566068.3,1481478.22,1432834.51,133233.78999999998,0.9149,0.0851,0.9672
"Tier 4 (Long Tail, <40 units/yr)",E-Commerce,West,44,386,2288163.7,2267753.45,2179446.19,108717.51000000001,0.9525,0.0475,0.9611
"Tier 4 (Long Tail, <40 units/yr)",E-Commerce,Central,33,362,1971016.5,1954115.98,1900617.8900000001,70398.61000000004,0.9643,0.0357,0.9726
